condition,model,dataset,split,prompt_format,input_type,target_modality,order,seed,n,correct,misled,neither,p_valid,selectivity,bert_gpt_agreement,n_parse_errors
freeze_content_remove,OpenGVLab/InternVL3-14B-hf,flickr30k,test,image_caption,inconsistent,image,ciq,42,2000,1997,3,0,1.0,0.997,0.9865,0
freeze_content_remove,OpenGVLab/InternVL3-14B-hf,flickr30k,test,image_caption,inconsistent,image,icq,42,2000,1909,71,20,0.99,0.928283,0.958,0
freeze_content_remove,OpenGVLab/InternVL3-14B-hf,flickr30k,test,image_document,inconsistent,image,ciq,42,2000,1982,16,2,0.999,0.983984,0.987,0
freeze_content_remove,OpenGVLab/InternVL3-14B-hf,flickr30k,test,image_document,inconsistent,image,icq,42,2000,1321,670,9,0.9955,0.326971,0.9755,0
freeze_content_remove,OpenGVLab/InternVL3-14B-hf,flickr30k,test,image_text,inconsistent,image,ciq,42,2000,1997,2,1,0.9995,0.997999,0.987,0
freeze_content_remove,OpenGVLab/InternVL3-14B-hf,flickr30k,test,image_text,inconsistent,image,icq,42,2000,1911,69,20,0.99,0.930303,0.958,0
freeze_content_remove,OpenGVLab/InternVL3-14B-hf,flickr30k,test,image_caption,inconsistent,text,ciq,42,2000,812,1129,59,0.9705,-0.163318,0.898,0
freeze_content_remove,OpenGVLab/InternVL3-14B-hf,flickr30k,test,image_caption,inconsistent,text,icq,42,2000,872,1027,101,0.9495,-0.081622,0.695,0
freeze_content_remove,OpenGVLab/InternVL3-14B-hf,flickr30k,test,image_document,inconsistent,text,ciq,42,2000,776,984,240,0.88,-0.118182,0.531,0
freeze_content_remove,OpenGVLab/InternVL3-14B-hf,flickr30k,test,image_document,inconsistent,text,icq,42,2000,1429,413,158,0.921,0.551574,0.6615,0
freeze_content_remove,OpenGVLab/InternVL3-14B-hf,flickr30k,test,image_text,inconsistent,text,ciq,42,2000,397,1319,284,0.858,-0.537296,0.245,0
freeze_content_remove,OpenGVLab/InternVL3-14B-hf,flickr30k,test,image_text,inconsistent,text,icq,42,2000,818,1020,162,0.919,-0.109902,0.3545,0
freeze_content_remove,OpenGVLab/InternVL3-14B-hf,mscoco,test,image_caption,inconsistent,image,ciq,42,2000,1999,1,0,1.0,0.999,0.995,0
freeze_content_remove,OpenGVLab/InternVL3-14B-hf,mscoco,test,image_caption,inconsistent,image,icq,42,2000,1953,44,3,0.9985,0.955934,0.9,0
freeze_content_remove,OpenGVLab/InternVL3-14B-hf,mscoco,test,image_document,inconsistent,image,ciq,42,2000,1998,1,1,0.9995,0.998999,0.992,0
freeze_content_remove,OpenGVLab/InternVL3-14B-hf,mscoco,test,image_document,inconsistent,image,icq,42,2000,1644,356,0,1.0,0.644,0.9445,0
freeze_content_remove,OpenGVLab/InternVL3-14B-hf,mscoco,test,image_text,inconsistent,image,ciq,42,2000,2000,0,0,1.0,1.0,0.995,0
freeze_content_remove,OpenGVLab/InternVL3-14B-hf,mscoco,test,image_text,inconsistent,image,icq,42,2000,1953,45,2,0.999,0.954955,0.9,0
freeze_content_remove,OpenGVLab/InternVL3-14B-hf,mscoco,test,image_caption,inconsistent,text,ciq,42,2000,824,1126,50,0.975,-0.154872,0.856,0
freeze_content_remove,OpenGVLab/InternVL3-14B-hf,mscoco,test,image_caption,inconsistent,text,icq,42,2000,670,1313,17,0.9915,-0.324256,0.5155,0
freeze_content_remove,OpenGVLab/InternVL3-14B-hf,mscoco,test,image_document,inconsistent,text,ciq,42,2000,405,1378,217,0.8915,-0.545709,0.568,0
freeze_content_remove,OpenGVLab/InternVL3-14B-hf,mscoco,test,image_document,inconsistent,text,icq,42,2000,1232,654,114,0.943,0.306469,0.7195,0
freeze_content_remove,OpenGVLab/InternVL3-14B-hf,mscoco,test,image_text,inconsistent,text,ciq,42,2000,274,1518,208,0.896,-0.694196,0.2505,0
freeze_content_remove,OpenGVLab/InternVL3-14B-hf,mscoco,test,image_text,inconsistent,text,icq,42,2000,684,1202,114,0.943,-0.274655,0.334,0
freeze_content_remove,Qwen/Qwen2.5-VL-32B-Instruct,flickr30k,test,image_caption,inconsistent,image,ciq,42,2000,1920,77,3,0.9985,0.922884,0.9505,0
freeze_content_remove,Qwen/Qwen2.5-VL-32B-Instruct,flickr30k,test,image_caption,inconsistent,image,icq,42,2000,1991,9,0,1.0,0.991,0.9655,0
freeze_content_remove,Qwen/Qwen2.5-VL-32B-Instruct,flickr30k,test,image_document,inconsistent,image,ciq,42,2000,1952,45,3,0.9985,0.954932,0.952,0
freeze_content_remove,Qwen/Qwen2.5-VL-32B-Instruct,flickr30k,test,image_document,inconsistent,image,icq,42,2000,1973,27,0,1.0,0.973,0.9625,0
freeze_content_remove,Qwen/Qwen2.5-VL-32B-Instruct,flickr30k,test,image_text,inconsistent,image,ciq,42,2000,1918,81,1,0.9995,0.918959,0.95,0
freeze_content_remove,Qwen/Qwen2.5-VL-32B-Instruct,flickr30k,test,image_text,inconsistent,image,icq,42,2000,1990,10,0,1.0,0.99,0.966,0
freeze_content_remove,Qwen/Qwen2.5-VL-32B-Instruct,flickr30k,test,image_caption,inconsistent,text,ciq,42,2000,1481,426,93,0.9535,0.553225,0.708,0
freeze_content_remove,Qwen/Qwen2.5-VL-32B-Instruct,flickr30k,test,image_caption,inconsistent,text,icq,42,2000,1839,148,13,0.9935,0.851032,0.9275,0
freeze_content_remove,Qwen/Qwen2.5-VL-32B-Instruct,flickr30k,test,image_document,inconsistent,text,ciq,42,2000,961,708,331,0.8345,0.151588,0.5945,0
freeze_content_remove,Qwen/Qwen2.5-VL-32B-Instruct,flickr30k,test,image_document,inconsistent,text,icq,42,2000,1144,689,167,0.9165,0.248227,0.654,0
freeze_content_remove,Qwen/Qwen2.5-VL-32B-Instruct,flickr30k,test,image_text,inconsistent,text,ciq,42,2000,667,908,425,0.7875,-0.153016,0.34,0
freeze_content_remove,Qwen/Qwen2.5-VL-32B-Instruct,flickr30k,test,image_text,inconsistent,text,icq,42,2000,1068,829,103,0.9485,0.125988,0.457,0
freeze_content_remove,Qwen/Qwen2.5-VL-32B-Instruct,mscoco,test,image_caption,inconsistent,image,ciq,42,2000,1963,33,4,0.998,0.966934,0.984,0
freeze_content_remove,Qwen/Qwen2.5-VL-32B-Instruct,mscoco,test,image_caption,inconsistent,image,icq,42,2000,1994,5,1,0.9995,0.994997,0.972,0
freeze_content_remove,Qwen/Qwen2.5-VL-32B-Instruct,mscoco,test,image_document,inconsistent,image,ciq,42,2000,1976,21,3,0.9985,0.978968,0.9875,0
freeze_content_remove,Qwen/Qwen2.5-VL-32B-Instruct,mscoco,test,image_document,inconsistent,image,icq,42,2000,1994,5,1,0.9995,0.994997,0.9475,0
freeze_content_remove,Qwen/Qwen2.5-VL-32B-Instruct,mscoco,test,image_text,inconsistent,image,ciq,42,2000,1967,32,1,0.9995,0.967984,0.9845,0
freeze_content_remove,Qwen/Qwen2.5-VL-32B-Instruct,mscoco,test,image_text,inconsistent,image,icq,42,2000,1996,3,1,0.9995,0.996998,0.972,0
freeze_content_remove,Qwen/Qwen2.5-VL-32B-Instruct,mscoco,test,image_caption,inconsistent,text,ciq,42,2000,1477,380,143,0.9285,0.590738,0.832,0
freeze_content_remove,Qwen/Qwen2.5-VL-32B-Instruct,mscoco,test,image_caption,inconsistent,text,icq,42,2000,1750,201,49,0.9755,0.793952,0.9055,0
freeze_content_remove,Qwen/Qwen2.5-VL-32B-Instruct,mscoco,test,image_document,inconsistent,text,ciq,42,2000,1073,617,310,0.845,0.269822,0.7105,0
freeze_content_remove,Qwen/Qwen2.5-VL-32B-Instruct,mscoco,test,image_document,inconsistent,text,icq,42,2000,730,1122,148,0.926,-0.211663,0.563,0
freeze_content_remove,Qwen/Qwen2.5-VL-32B-Instruct,mscoco,test,image_text,inconsistent,text,ciq,42,2000,607,964,429,0.7855,-0.227244,0.418,0
freeze_content_remove,Qwen/Qwen2.5-VL-32B-Instruct,mscoco,test,image_text,inconsistent,text,icq,42,2000,859,1006,135,0.9325,-0.07882,0.422,0
freeze_content_remove,google/gemma-3-12b-it,flickr30k,test,image_caption,inconsistent,image,ciq,42,2000,1981,18,1,0.9995,0.981991,0.9585,0
freeze_content_remove,google/gemma-3-12b-it,flickr30k,test,image_caption,inconsistent,image,icq,42,2000,1997,3,0,1.0,0.997,0.974,0
freeze_content_remove,google/gemma-3-12b-it,flickr30k,test,image_document,inconsistent,image,ciq,42,2000,1986,12,2,0.999,0.987988,0.9625,0
freeze_content_remove,google/gemma-3-12b-it,flickr30k,test,image_document,inconsistent,image,icq,42,2000,1993,5,2,0.999,0.994995,0.9745,0
freeze_content_remove,google/gemma-3-12b-it,flickr30k,test,image_text,inconsistent,image,ciq,42,2000,1987,13,0,1.0,0.987,0.9565,0
freeze_content_remove,google/gemma-3-12b-it,flickr30k,test,image_text,inconsistent,image,icq,42,2000,1998,2,0,1.0,0.998,0.9735,0
freeze_content_remove,google/gemma-3-12b-it,flickr30k,test,image_caption,inconsistent,text,ciq,42,2000,1998,1,1,0.9995,0.998999,0.998,0
freeze_content_remove,google/gemma-3-12b-it,flickr30k,test,image_caption,inconsistent,text,icq,42,2000,1458,527,15,0.9925,0.469018,0.918,0
freeze_content_remove,google/gemma-3-12b-it,flickr30k,test,image_document,inconsistent,text,ciq,42,2000,1032,949,19,0.9905,0.041898,0.928,0
freeze_content_remove,google/gemma-3-12b-it,flickr30k,test,image_document,inconsistent,text,icq,42,2000,1029,956,15,0.9925,0.036776,0.914,0
freeze_content_remove,google/gemma-3-12b-it,flickr30k,test,image_text,inconsistent,text,ciq,42,2000,1852,133,15,0.9925,0.865995,0.9605,0
freeze_content_remove,google/gemma-3-12b-it,flickr30k,test,image_text,inconsistent,text,icq,42,2000,1062,929,9,0.9955,0.066801,0.918,0
freeze_content_remove,google/gemma-3-12b-it,mscoco,test,image_caption,inconsistent,image,ciq,42,2000,1994,6,0,1.0,0.994,0.98,0
freeze_content_remove,google/gemma-3-12b-it,mscoco,test,image_caption,inconsistent,image,icq,42,2000,1998,2,0,1.0,0.998,0.985,0
freeze_content_remove,google/gemma-3-12b-it,mscoco,test,image_document,inconsistent,image,ciq,42,2000,1989,10,1,0.9995,0.989995,0.979,0
freeze_content_remove,google/gemma-3-12b-it,mscoco,test,image_document,inconsistent,image,icq,42,2000,1998,1,1,0.9995,0.998999,0.9835,0
freeze_content_remove,google/gemma-3-12b-it,mscoco,test,image_text,inconsistent,image,ciq,42,2000,1992,6,2,0.999,0.993994,0.9775,0
freeze_content_remove,google/gemma-3-12b-it,mscoco,test,image_text,inconsistent,image,icq,42,2000,1996,4,0,1.0,0.996,0.9865,0
freeze_content_remove,google/gemma-3-12b-it,mscoco,test,image_caption,inconsistent,text,ciq,42,2000,1991,9,0,1.0,0.991,0.99,0
freeze_content_remove,google/gemma-3-12b-it,mscoco,test,image_caption,inconsistent,text,icq,42,2000,1303,683,14,0.993,0.312185,0.895,0
freeze_content_remove,google/gemma-3-12b-it,mscoco,test,image_document,inconsistent,text,ciq,42,2000,925,1056,19,0.9905,-0.066128,0.9445,0
freeze_content_remove,google/gemma-3-12b-it,mscoco,test,image_document,inconsistent,text,icq,42,2000,554,1430,16,0.992,-0.441532,0.932,0
freeze_content_remove,google/gemma-3-12b-it,mscoco,test,image_text,inconsistent,text,ciq,42,2000,1721,270,9,0.9955,0.72878,0.9235,0
freeze_content_remove,google/gemma-3-12b-it,mscoco,test,image_text,inconsistent,text,icq,42,2000,752,1233,15,0.9925,-0.242317,0.8975,0
none,OpenGVLab/InternVL3-14B-hf,flickr30k,test,image_caption,image_only,image,icq,42,2000,1847,0,153,0.9235,1.0,0.9255,0
none,OpenGVLab/InternVL3-14B-hf,flickr30k,test,image_caption,inconsistent,image,ciq,42,2000,1996,3,1,0.9995,0.996998,0.99,0
none,OpenGVLab/InternVL3-14B-hf,flickr30k,test,image_caption,inconsistent,image,icq,42,2000,1974,24,2,0.999,0.975976,0.9695,0
none,OpenGVLab/InternVL3-14B-hf,flickr30k,test,image_document,inconsistent,image,ciq,42,2000,1956,41,3,0.9985,0.958938,0.987,0
none,OpenGVLab/InternVL3-14B-hf,flickr30k,test,image_document,inconsistent,image,icq,42,2000,1544,455,1,0.9995,0.544772,0.9875,0
none,OpenGVLab/InternVL3-14B-hf,flickr30k,test,image_text,inconsistent,image,ciq,42,2000,1956,41,3,0.9985,0.958938,0.9885,0
none,OpenGVLab/InternVL3-14B-hf,flickr30k,test,image_text,inconsistent,image,icq,42,2000,1895,104,1,0.9995,0.895948,0.9745,0
none,OpenGVLab/InternVL3-14B-hf,flickr30k,test,image_caption,inconsistent,text,ciq,42,2000,1733,262,5,0.9975,0.737343,0.9815,0
none,OpenGVLab/InternVL3-14B-hf,flickr30k,test,image_caption,inconsistent,text,icq,42,2000,1862,136,2,0.999,0.863864,0.924,0
none,OpenGVLab/InternVL3-14B-hf,flickr30k,test,image_document,inconsistent,text,ciq,42,2000,1654,322,24,0.988,0.674089,0.929,0
none,OpenGVLab/InternVL3-14B-hf,flickr30k,test,image_document,inconsistent,text,icq,42,2000,1989,8,3,0.9985,0.991988,0.9945,0
none,OpenGVLab/InternVL3-14B-hf,flickr30k,test,image_text,inconsistent,text,ciq,42,2000,1812,151,37,0.9815,0.846154,0.858,0
none,OpenGVLab/InternVL3-14B-hf,flickr30k,test,image_text,inconsistent,text,icq,42,2000,1894,101,5,0.9975,0.898747,0.914,0
none,OpenGVLab/InternVL3-14B-hf,flickr30k,test,image_caption,text_only,text,icq,42,2000,1987,0,13,0.9935,1.0,0.9945,0
none,OpenGVLab/InternVL3-14B-hf,mscoco,test,image_caption,image_only,image,icq,42,2000,1914,0,86,0.957,1.0,0.957,0
none,OpenGVLab/InternVL3-14B-hf,mscoco,test,image_caption,inconsistent,image,ciq,42,2000,2000,0,0,1.0,1.0,0.9965,0
none,OpenGVLab/InternVL3-14B-hf,mscoco,test,image_caption,inconsistent,image,icq,42,2000,1984,16,0,1.0,0.984,0.972,0
none,OpenGVLab/InternVL3-14B-hf,mscoco,test,image_document,inconsistent,image,ciq,42,2000,1991,9,0,1.0,0.991,0.9935,0
none,OpenGVLab/InternVL3-14B-hf,mscoco,test,image_document,inconsistent,image,icq,42,2000,1494,506,0,1.0,0.494,0.9955,0
none,OpenGVLab/InternVL3-14B-hf,mscoco,test,image_text,inconsistent,image,ciq,42,2000,1992,8,0,1.0,0.992,0.995,0
none,OpenGVLab/InternVL3-14B-hf,mscoco,test,image_text,inconsistent,image,icq,42,2000,1960,40,0,1.0,0.96,0.9825,0
none,OpenGVLab/InternVL3-14B-hf,mscoco,test,image_caption,inconsistent,text,ciq,42,2000,1636,351,13,0.9935,0.646704,0.952,0
none,OpenGVLab/InternVL3-14B-hf,mscoco,test,image_caption,inconsistent,text,icq,42,2000,1675,322,3,0.9985,0.677516,0.863,0
none,OpenGVLab/InternVL3-14B-hf,mscoco,test,image_document,inconsistent,text,ciq,42,2000,1444,530,26,0.987,0.463019,0.915,0
none,OpenGVLab/InternVL3-14B-hf,mscoco,test,image_document,inconsistent,text,icq,42,2000,1969,31,0,1.0,0.969,0.983,0
none,OpenGVLab/InternVL3-14B-hf,mscoco,test,image_text,inconsistent,text,ciq,42,2000,1589,327,84,0.958,0.658664,0.81,0
none,OpenGVLab/InternVL3-14B-hf,mscoco,test,image_text,inconsistent,text,icq,42,2000,1813,172,15,0.9925,0.8267,0.894,0
none,OpenGVLab/InternVL3-14B-hf,mscoco,test,image_caption,text_only,text,icq,42,2000,1996,0,4,0.998,1.0,0.9975,0
none,OpenGVLab/InternVL3-8B-hf,flickr30k,test,image_caption,image_only,image,icq,42,2000,1878,0,122,0.939,1.0,0.9395,0
none,OpenGVLab/InternVL3-8B-hf,flickr30k,test,image_caption,inconsistent,image,ciq,42,2000,1954,39,7,0.9965,0.960863,0.9685,0
none,OpenGVLab/InternVL3-8B-hf,flickr30k,test,image_caption,inconsistent,image,icq,42,2000,1988,11,1,0.9995,0.988994,0.9875,0
none,OpenGVLab/InternVL3-8B-hf,flickr30k,test,image_caption,inconsistent,text,ciq,42,2000,1377,608,15,0.9925,0.387406,0.9685,0
none,OpenGVLab/InternVL3-8B-hf,flickr30k,test,image_caption,inconsistent,text,icq,42,2000,1666,329,5,0.9975,0.670175,0.9505,0
none,OpenGVLab/InternVL3-8B-hf,flickr30k,test,image_caption,text_only,text,icq,42,2000,1984,0,16,0.992,1.0,0.9915,0
none,OpenGVLab/InternVL3-8B-hf,mscoco,test,image_caption,image_only,image,icq,42,2000,1918,0,82,0.959,1.0,0.959,0
none,OpenGVLab/InternVL3-8B-hf,mscoco,test,image_caption,inconsistent,image,ciq,42,2000,1991,8,1,0.9995,0.991996,0.99,0
none,OpenGVLab/InternVL3-8B-hf,mscoco,test,image_caption,inconsistent,image,icq,42,2000,1999,1,0,1.0,0.999,0.9965,0
none,OpenGVLab/InternVL3-8B-hf,mscoco,test,image_caption,inconsistent,text,ciq,42,2000,1096,891,13,0.9935,0.103171,0.9735,0
none,OpenGVLab/InternVL3-8B-hf,mscoco,test,image_caption,inconsistent,text,icq,42,2000,1569,418,13,0.9935,0.579265,0.9485,0
none,OpenGVLab/InternVL3-8B-hf,mscoco,test,image_caption,text_only,text,icq,42,2000,1975,0,25,0.9875,1.0,0.987,0
none,Qwen/Qwen2.5-VL-32B-Instruct,flickr30k,test,image_caption,image_only,image,icq,42,2000,1803,0,197,0.9015,1.0,0.9115,0
none,Qwen/Qwen2.5-VL-32B-Instruct,flickr30k,test,image_caption,inconsistent,image,ciq,42,2000,1953,46,1,0.9995,0.953977,0.961,0
none,Qwen/Qwen2.5-VL-32B-Instruct,flickr30k,test,image_caption,inconsistent,image,icq,42,2000,1976,23,1,0.9995,0.976988,0.9515,0
none,Qwen/Qwen2.5-VL-32B-Instruct,flickr30k,test,image_document,inconsistent,image,ciq,42,2000,1973,26,1,0.9995,0.973987,0.9665,0
none,Qwen/Qwen2.5-VL-32B-Instruct,flickr30k,test,image_document,inconsistent,image,icq,42,2000,1905,94,1,0.9995,0.905953,0.9685,0
none,Qwen/Qwen2.5-VL-32B-Instruct,flickr30k,test,image_text,inconsistent,image,ciq,42,2000,1982,18,0,1.0,0.982,0.963,0
none,Qwen/Qwen2.5-VL-32B-Instruct,flickr30k,test,image_text,inconsistent,image,icq,42,2000,1993,5,2,0.999,0.994995,0.971,0
none,Qwen/Qwen2.5-VL-32B-Instruct,flickr30k,test,image_caption,inconsistent,text,ciq,42,2000,1976,21,3,0.9985,0.978968,0.996,0
none,Qwen/Qwen2.5-VL-32B-Instruct,flickr30k,test,image_caption,inconsistent,text,icq,42,2000,1997,2,1,0.9995,0.997999,0.998,0
none,Qwen/Qwen2.5-VL-32B-Instruct,flickr30k,test,image_document,inconsistent,text,ciq,42,2000,1811,183,6,0.997,0.816449,0.974,0
none,Qwen/Qwen2.5-VL-32B-Instruct,flickr30k,test,image_document,inconsistent,text,icq,42,2000,1974,21,5,0.9975,0.978947,0.9765,0
none,Qwen/Qwen2.5-VL-32B-Instruct,flickr30k,test,image_text,inconsistent,text,ciq,42,2000,1862,102,36,0.982,0.89613,0.905,0
none,Qwen/Qwen2.5-VL-32B-Instruct,flickr30k,test,image_text,inconsistent,text,icq,42,2000,1945,52,3,0.9985,0.947922,0.96,0
none,Qwen/Qwen2.5-VL-32B-Instruct,flickr30k,test,image_caption,text_only,text,icq,42,2000,1999,0,1,0.9995,1.0,0.9995,0
none,Qwen/Qwen2.5-VL-32B-Instruct,mscoco,test,image_caption,image_only,image,icq,42,2000,1930,0,70,0.965,1.0,0.9615,0
none,Qwen/Qwen2.5-VL-32B-Instruct,mscoco,test,image_caption,inconsistent,image,ciq,42,2000,1977,23,0,1.0,0.977,0.989,0
none,Qwen/Qwen2.5-VL-32B-Instruct,mscoco,test,image_caption,inconsistent,image,icq,42,2000,1983,16,1,0.9995,0.983992,0.9755,0
none,Qwen/Qwen2.5-VL-32B-Instruct,mscoco,test,image_document,inconsistent,image,ciq,42,2000,1988,12,0,1.0,0.988,0.9925,0
none,Qwen/Qwen2.5-VL-32B-Instruct,mscoco,test,image_document,inconsistent,image,icq,42,2000,1913,86,1,0.9995,0.913957,0.975,0
none,Qwen/Qwen2.5-VL-32B-Instruct,mscoco,test,image_text,inconsistent,image,ciq,42,2000,1989,10,1,0.9995,0.989995,0.9905,0
none,Qwen/Qwen2.5-VL-32B-Instruct,mscoco,test,image_text,inconsistent,image,icq,42,2000,1999,1,0,1.0,0.999,0.9845,0
none,Qwen/Qwen2.5-VL-32B-Instruct,mscoco,test,image_caption,inconsistent,text,ciq,42,2000,1962,31,7,0.9965,0.968891,0.993,0
none,Qwen/Qwen2.5-VL-32B-Instruct,mscoco,test,image_caption,inconsistent,text,icq,42,2000,1992,7,1,0.9995,0.992996,0.994,0
none,Qwen/Qwen2.5-VL-32B-Instruct,mscoco,test,image_document,inconsistent,text,ciq,42,2000,1792,201,7,0.9965,0.798294,0.973,0
none,Qwen/Qwen2.5-VL-32B-Instruct,mscoco,test,image_document,inconsistent,text,icq,42,2000,1898,83,19,0.9905,0.916204,0.939,0
none,Qwen/Qwen2.5-VL-32B-Instruct,mscoco,test,image_text,inconsistent,text,ciq,42,2000,1802,133,65,0.9675,0.862532,0.9305,0
none,Qwen/Qwen2.5-VL-32B-Instruct,mscoco,test,image_text,inconsistent,text,icq,42,2000,1873,118,9,0.9955,0.881467,0.93,0
none,Qwen/Qwen2.5-VL-32B-Instruct,mscoco,test,image_caption,text_only,text,icq,42,2000,2000,0,0,1.0,1.0,1.0,0
none,Qwen/Qwen2.5-VL-3B-Instruct,flickr30k,test,image_caption,image_only,image,icq,42,2000,1771,0,229,0.8855,1.0,0.797,0
none,Qwen/Qwen2.5-VL-3B-Instruct,flickr30k,test,image_caption,inconsistent,image,ciq,42,2000,1674,291,35,0.9825,0.703817,0.8695,0
none,Qwen/Qwen2.5-VL-3B-Instruct,flickr30k,test,image_caption,inconsistent,image,icq,42,2000,1882,117,1,0.9995,0.882941,0.941,0
none,Qwen/Qwen2.5-VL-3B-Instruct,flickr30k,test,image_caption,inconsistent,text,ciq,42,2000,1855,140,5,0.9975,0.859649,0.978,0
none,Qwen/Qwen2.5-VL-3B-Instruct,flickr30k,test,image_caption,inconsistent,text,icq,42,2000,1992,7,1,0.9995,0.992996,0.995,0
none,Qwen/Qwen2.5-VL-3B-Instruct,flickr30k,test,image_caption,text_only,text,icq,42,2000,1994,0,6,0.997,1.0,0.9945,0
none,Qwen/Qwen2.5-VL-3B-Instruct,mscoco,test,image_caption,image_only,image,icq,42,2000,1914,0,86,0.957,1.0,0.9345,0
none,Qwen/Qwen2.5-VL-3B-Instruct,mscoco,test,image_caption,inconsistent,image,ciq,42,2000,1852,139,9,0.9955,0.860372,0.9405,0
none,Qwen/Qwen2.5-VL-3B-Instruct,mscoco,test,image_caption,inconsistent,image,icq,42,2000,1970,30,0,1.0,0.97,0.9795,0
none,Qwen/Qwen2.5-VL-3B-Instruct,mscoco,test,image_caption,inconsistent,text,ciq,42,2000,1642,348,10,0.995,0.650251,0.9785,0
none,Qwen/Qwen2.5-VL-3B-Instruct,mscoco,test,image_caption,inconsistent,text,icq,42,2000,1965,30,5,0.9975,0.969925,0.988,0
none,Qwen/Qwen2.5-VL-3B-Instruct,mscoco,test,image_caption,text_only,text,icq,42,2000,1998,0,2,0.999,1.0,0.9975,0
none,Qwen/Qwen2.5-VL-7B-Instruct,flickr30k,test,image_caption,image_only,image,icq,42,2000,1871,0,129,0.9355,1.0,0.8175,0
none,Qwen/Qwen2.5-VL-7B-Instruct,flickr30k,test,image_caption,inconsistent,image,ciq,42,2000,1740,216,44,0.978,0.779141,0.7825,0
none,Qwen/Qwen2.5-VL-7B-Instruct,flickr30k,test,image_caption,inconsistent,image,icq,42,2000,1978,21,1,0.9995,0.978989,0.8735,0
none,Qwen/Qwen2.5-VL-7B-Instruct,flickr30k,test,image_caption,inconsistent,text,ciq,42,2000,1951,41,8,0.996,0.958835,0.95,0
none,Qwen/Qwen2.5-VL-7B-Instruct,flickr30k,test,image_caption,inconsistent,text,icq,42,2000,1114,878,8,0.996,0.118474,0.5745,0
none,Qwen/Qwen2.5-VL-7B-Instruct,flickr30k,test,image_caption,text_only,text,icq,42,2000,1999,0,1,0.9995,1.0,0.9995,0
none,Qwen/Qwen2.5-VL-7B-Instruct,mscoco,test,image_caption,image_only,image,icq,42,2000,1931,0,69,0.9655,1.0,0.9275,0
none,Qwen/Qwen2.5-VL-7B-Instruct,mscoco,test,image_caption,inconsistent,image,ciq,42,2000,1838,148,14,0.993,0.850957,0.9245,0
none,Qwen/Qwen2.5-VL-7B-Instruct,mscoco,test,image_caption,inconsistent,image,icq,42,2000,1983,17,0,1.0,0.983,0.8945,0
none,Qwen/Qwen2.5-VL-7B-Instruct,mscoco,test,image_caption,inconsistent,text,ciq,42,2000,1975,20,5,0.9975,0.97995,0.983,0
none,Qwen/Qwen2.5-VL-7B-Instruct,mscoco,test,image_caption,inconsistent,text,icq,42,2000,1228,748,24,0.988,0.242915,0.6125,0
none,Qwen/Qwen2.5-VL-7B-Instruct,mscoco,test,image_caption,text_only,text,icq,42,2000,1995,0,5,0.9975,1.0,0.9975,0
none,Salesforce/instructblip-vicuna-7b,flickr30k,test,image_caption,image_only,image,icq,42,2000,1825,0,175,0.9125,1.0,0.5825,0
none,Salesforce/instructblip-vicuna-7b,flickr30k,test,image_caption,inconsistent,image,ciq,42,2000,403,1551,46,0.977,-0.587513,0.743,0
none,Salesforce/instructblip-vicuna-7b,flickr30k,test,image_caption,inconsistent,image,icq,42,2000,404,1547,49,0.9755,-0.585853,0.7455,0
none,Salesforce/instructblip-vicuna-7b,flickr30k,test,image_caption,inconsistent,text,ciq,42,2000,983,876,141,0.9295,0.057558,0.39,0
none,Salesforce/instructblip-vicuna-7b,flickr30k,test,image_caption,inconsistent,text,icq,42,2000,985,877,138,0.931,0.058002,0.3895,0
none,Salesforce/instructblip-vicuna-7b,flickr30k,test,image_caption,text_only,text,icq,42,2000,1716,0,284,0.858,1.0,0.9425,0
none,Salesforce/instructblip-vicuna-7b,mscoco,test,image_caption,image_only,image,icq,42,2000,1908,0,92,0.954,1.0,0.783,0
none,Salesforce/instructblip-vicuna-7b,mscoco,test,image_caption,inconsistent,image,ciq,42,2000,551,1430,19,0.9905,-0.443715,0.8845,0
none,Salesforce/instructblip-vicuna-7b,mscoco,test,image_caption,inconsistent,image,icq,42,2000,551,1427,22,0.989,-0.442872,0.889,0
none,Salesforce/instructblip-vicuna-7b,mscoco,test,image_caption,inconsistent,text,ciq,42,2000,884,858,258,0.871,0.014925,0.545,0
none,Salesforce/instructblip-vicuna-7b,mscoco,test,image_caption,inconsistent,text,icq,42,2000,885,865,250,0.875,0.011429,0.5415,0
none,Salesforce/instructblip-vicuna-7b,mscoco,test,image_caption,text_only,text,icq,42,2000,1739,0,261,0.8695,1.0,0.944,0
none,google/gemma-3-12b-it,flickr30k,test,image_caption,image_only,image,icq,42,2000,1869,0,131,0.9345,1.0,0.937,0
none,google/gemma-3-12b-it,flickr30k,test,image_caption,inconsistent,image,ciq,42,2000,1982,17,1,0.9995,0.982991,0.965,0
none,google/gemma-3-12b-it,flickr30k,test,image_caption,inconsistent,image,icq,42,2000,1995,5,0,1.0,0.995,0.9735,0
none,google/gemma-3-12b-it,flickr30k,test,image_document,inconsistent,image,ciq,42,2000,1985,15,0,1.0,0.985,0.9645,0
none,google/gemma-3-12b-it,flickr30k,test,image_document,inconsistent,image,icq,42,2000,1998,1,1,0.9995,0.998999,0.979,0
none,google/gemma-3-12b-it,flickr30k,test,image_text,inconsistent,image,ciq,42,2000,1992,7,1,0.9995,0.992996,0.969,0
none,google/gemma-3-12b-it,flickr30k,test,image_text,inconsistent,image,icq,42,2000,2000,0,0,1.0,1.0,0.9815,0
none,google/gemma-3-12b-it,flickr30k,test,image_caption,inconsistent,text,ciq,42,2000,1998,1,1,0.9995,0.998999,0.9995,0
none,google/gemma-3-12b-it,flickr30k,test,image_caption,inconsistent,text,icq,42,2000,1970,28,2,0.999,0.971972,0.9885,0
none,google/gemma-3-12b-it,flickr30k,test,image_document,inconsistent,text,ciq,42,2000,973,1019,8,0.996,-0.023092,0.952,0
none,google/gemma-3-12b-it,flickr30k,test,image_document,inconsistent,text,icq,42,2000,917,1078,5,0.9975,-0.080702,0.9455,0
none,google/gemma-3-12b-it,flickr30k,test,image_text,inconsistent,text,ciq,42,2000,1985,15,0,1.0,0.985,0.993,0
none,google/gemma-3-12b-it,flickr30k,test,image_text,inconsistent,text,icq,42,2000,1963,35,2,0.999,0.964965,0.9655,0
none,google/gemma-3-12b-it,flickr30k,test,image_caption,text_only,text,icq,42,2000,2000,0,0,1.0,1.0,0.9985,0
none,google/gemma-3-12b-it,mscoco,test,image_caption,image_only,image,icq,42,2000,1853,0,147,0.9265,1.0,0.9295,0
none,google/gemma-3-12b-it,mscoco,test,image_caption,inconsistent,image,ciq,42,2000,1991,9,0,1.0,0.991,0.982,0
none,google/gemma-3-12b-it,mscoco,test,image_caption,inconsistent,image,icq,42,2000,1998,1,1,0.9995,0.998999,0.9855,0
none,google/gemma-3-12b-it,mscoco,test,image_document,inconsistent,image,ciq,42,2000,1990,9,1,0.9995,0.990995,0.9745,0
none,google/gemma-3-12b-it,mscoco,test,image_document,inconsistent,image,icq,42,2000,1999,1,0,1.0,0.999,0.9895,0
none,google/gemma-3-12b-it,mscoco,test,image_text,inconsistent,image,ciq,42,2000,1995,5,0,1.0,0.995,0.9805,0
none,google/gemma-3-12b-it,mscoco,test,image_text,inconsistent,image,icq,42,2000,1997,2,1,0.9995,0.997999,0.987,0
none,google/gemma-3-12b-it,mscoco,test,image_caption,inconsistent,text,ciq,42,2000,1992,8,0,1.0,0.992,0.9955,0
none,google/gemma-3-12b-it,mscoco,test,image_caption,inconsistent,text,icq,42,2000,1962,38,0,1.0,0.962,0.9715,0
none,google/gemma-3-12b-it,mscoco,test,image_document,inconsistent,text,ciq,42,2000,809,1178,13,0.9935,-0.185707,0.9585,0
none,google/gemma-3-12b-it,mscoco,test,image_document,inconsistent,text,icq,42,2000,708,1283,9,0.9955,-0.2888,0.9455,0
none,google/gemma-3-12b-it,mscoco,test,image_text,inconsistent,text,ciq,42,2000,1958,41,1,0.9995,0.958979,0.989,0
none,google/gemma-3-12b-it,mscoco,test,image_text,inconsistent,text,icq,42,2000,1896,98,6,0.997,0.901705,0.939,0
none,google/gemma-3-12b-it,mscoco,test,image_caption,text_only,text,icq,42,2000,1994,0,6,0.997,1.0,0.9955,0
none,google/gemma-3-27b-it,flickr30k,test,image_caption,image_only,image,icq,42,2000,1856,0,144,0.928,1.0,0.93,0
none,google/gemma-3-27b-it,flickr30k,test,image_caption,inconsistent,image,ciq,42,2000,1991,8,1,0.9995,0.991996,0.9245,0
none,google/gemma-3-27b-it,flickr30k,test,image_caption,inconsistent,image,icq,42,2000,1996,4,0,1.0,0.996,0.9115,0
none,google/gemma-3-27b-it,flickr30k,test,image_caption,inconsistent,text,ciq,42,2000,1910,85,5,0.9975,0.914787,0.8685,0
none,google/gemma-3-27b-it,flickr30k,test,image_caption,inconsistent,text,icq,42,2000,1909,89,2,0.999,0.910911,0.8355,0
none,google/gemma-3-27b-it,flickr30k,test,image_caption,text_only,text,icq,42,2000,1999,0,1,0.9995,1.0,0.999,0
none,google/gemma-3-27b-it,mscoco,test,image_caption,image_only,image,icq,42,2000,1872,0,128,0.936,1.0,0.9395,0
none,google/gemma-3-27b-it,mscoco,test,image_caption,inconsistent,image,ciq,42,2000,1988,12,0,1.0,0.988,0.916,0
none,google/gemma-3-27b-it,mscoco,test,image_caption,inconsistent,image,icq,42,2000,1994,5,1,0.9995,0.994997,0.91,0
none,google/gemma-3-27b-it,mscoco,test,image_caption,inconsistent,text,ciq,42,2000,1870,118,12,0.994,0.881288,0.8685,0
none,google/gemma-3-27b-it,mscoco,test,image_caption,inconsistent,text,icq,42,2000,1928,69,3,0.9985,0.930896,0.882,0
none,google/gemma-3-27b-it,mscoco,test,image_caption,text_only,text,icq,42,2000,1997,0,3,0.9985,1.0,0.999,0
none,google/gemma-3-4b-it,flickr30k,test,image_caption,image_only,image,icq,42,2000,1783,0,217,0.8915,1.0,0.8975,0
none,google/gemma-3-4b-it,flickr30k,test,image_caption,inconsistent,image,ciq,42,2000,1861,111,28,0.986,0.887424,0.8545,0
none,google/gemma-3-4b-it,flickr30k,test,image_caption,inconsistent,image,icq,42,2000,1972,23,5,0.9975,0.976942,0.8915,0
none,google/gemma-3-4b-it,flickr30k,test,image_caption,inconsistent,text,ciq,42,2000,1650,319,31,0.9845,0.675978,0.885,0
none,google/gemma-3-4b-it,flickr30k,test,image_caption,inconsistent,text,icq,42,2000,1117,876,7,0.9965,0.120923,0.617,0
none,google/gemma-3-4b-it,flickr30k,test,image_caption,text_only,text,icq,42,2000,1996,0,4,0.998,1.0,0.9945,0
none,google/gemma-3-4b-it,mscoco,test,image_caption,image_only,image,icq,42,2000,1820,0,180,0.91,1.0,0.9125,0
none,google/gemma-3-4b-it,mscoco,test,image_caption,inconsistent,image,ciq,42,2000,1918,74,8,0.996,0.925703,0.879,0
none,google/gemma-3-4b-it,mscoco,test,image_caption,inconsistent,image,icq,42,2000,1993,7,0,1.0,0.993,0.9135,0
none,google/gemma-3-4b-it,mscoco,test,image_caption,inconsistent,text,ciq,42,2000,1772,225,3,0.9985,0.774662,0.9205,0
none,google/gemma-3-4b-it,mscoco,test,image_caption,inconsistent,text,icq,42,2000,1171,821,8,0.996,0.175703,0.635,0
none,google/gemma-3-4b-it,mscoco,test,image_caption,text_only,text,icq,42,2000,1984,0,16,0.992,1.0,0.9915,0
none,llava-hf/llava-1.5-7b-hf,flickr30k,test,image_caption,image_only,image,icq,42,2000,1745,0,255,0.8725,1.0,0.759,0
none,llava-hf/llava-1.5-7b-hf,flickr30k,test,image_caption,inconsistent,image,ciq,42,2000,1930,47,23,0.9885,0.952453,0.786,0
none,llava-hf/llava-1.5-7b-hf,flickr30k,test,image_caption,inconsistent,image,icq,42,2000,1379,612,9,0.9955,0.385234,0.8265,0
none,llava-hf/llava-1.5-7b-hf,flickr30k,test,image_caption,inconsistent,text,ciq,42,2000,1186,794,20,0.99,0.19798,0.939,0
none,llava-hf/llava-1.5-7b-hf,flickr30k,test,image_caption,inconsistent,text,icq,42,2000,1675,285,40,0.98,0.709184,0.918,0
none,llava-hf/llava-1.5-7b-hf,flickr30k,test,image_caption,text_only,text,icq,42,2000,1991,0,9,0.9955,1.0,0.988,0
none,llava-hf/llava-1.5-7b-hf,mscoco,test,image_caption,image_only,image,icq,42,2000,1873,0,127,0.9365,1.0,0.906,0
none,llava-hf/llava-1.5-7b-hf,mscoco,test,image_caption,inconsistent,image,ciq,42,2000,1968,30,2,0.999,0.96997,0.9395,0
none,llava-hf/llava-1.5-7b-hf,mscoco,test,image_caption,inconsistent,image,icq,42,2000,1434,564,2,0.999,0.435435,0.9575,0
none,llava-hf/llava-1.5-7b-hf,mscoco,test,image_caption,inconsistent,text,ciq,42,2000,1240,734,26,0.987,0.256332,0.973,0
none,llava-hf/llava-1.5-7b-hf,mscoco,test,image_caption,inconsistent,text,icq,42,2000,1795,160,45,0.9775,0.836317,0.956,0
none,llava-hf/llava-1.5-7b-hf,mscoco,test,image_caption,text_only,text,icq,42,2000,1988,0,12,0.994,1.0,0.995,0
none,llava-hf/llava-onevision-qwen2-7b-ov-hf,flickr30k,test,image_caption,image_only,image,icq,42,2000,1890,0,110,0.945,1.0,0.8635,0
none,llava-hf/llava-onevision-qwen2-7b-ov-hf,flickr30k,test,image_caption,inconsistent,image,ciq,42,2000,1962,25,13,0.9935,0.974836,0.905,0
none,llava-hf/llava-onevision-qwen2-7b-ov-hf,flickr30k,test,image_caption,inconsistent,image,icq,42,2000,1899,55,46,0.977,0.943705,0.759,0
none,llava-hf/llava-onevision-qwen2-7b-ov-hf,flickr30k,test,image_caption,inconsistent,text,ciq,42,2000,1231,735,34,0.983,0.252289,0.9625,0
none,llava-hf/llava-onevision-qwen2-7b-ov-hf,flickr30k,test,image_caption,inconsistent,text,icq,42,2000,1249,685,66,0.967,0.291624,0.7545,0
none,llava-hf/llava-onevision-qwen2-7b-ov-hf,flickr30k,test,image_caption,text_only,text,icq,42,2000,1987,0,13,0.9935,1.0,0.9825,0
none,llava-hf/llava-onevision-qwen2-7b-ov-hf,mscoco,test,image_caption,image_only,image,icq,42,2000,1954,0,46,0.977,1.0,0.96,0
none,llava-hf/llava-onevision-qwen2-7b-ov-hf,mscoco,test,image_caption,inconsistent,image,ciq,42,2000,1985,14,1,0.9995,0.985993,0.9735,0
none,llava-hf/llava-onevision-qwen2-7b-ov-hf,mscoco,test,image_caption,inconsistent,image,icq,42,2000,1974,20,6,0.997,0.97994,0.9285,0
none,llava-hf/llava-onevision-qwen2-7b-ov-hf,mscoco,test,image_caption,inconsistent,text,ciq,42,2000,1146,833,21,0.9895,0.158161,0.9895,0
none,llava-hf/llava-onevision-qwen2-7b-ov-hf,mscoco,test,image_caption,inconsistent,text,icq,42,2000,1036,877,87,0.9565,0.083116,0.915,0
none,llava-hf/llava-onevision-qwen2-7b-ov-hf,mscoco,test,image_caption,text_only,text,icq,42,2000,1988,0,12,0.994,1.0,0.9875,0
remove,OpenGVLab/InternVL3-14B-hf,flickr30k,test,image_caption,inconsistent,image,ciq,42,2000,2000,0,0,1.0,1.0,0.991,0
remove,OpenGVLab/InternVL3-14B-hf,flickr30k,test,image_caption,inconsistent,image,icq,42,2000,1455,528,17,0.9915,0.467474,0.956,0
remove,OpenGVLab/InternVL3-14B-hf,flickr30k,test,image_document,inconsistent,image,ciq,42,2000,2000,0,0,1.0,1.0,0.992,0
remove,OpenGVLab/InternVL3-14B-hf,flickr30k,test,image_document,inconsistent,image,icq,42,2000,1452,534,14,0.993,0.462236,0.9575,0
remove,OpenGVLab/InternVL3-14B-hf,flickr30k,test,image_text,inconsistent,image,ciq,42,2000,1994,4,2,0.999,0.995996,0.9855,0
remove,OpenGVLab/InternVL3-14B-hf,flickr30k,test,image_text,inconsistent,image,icq,42,2000,1593,404,3,0.9985,0.595393,0.9745,0
remove,OpenGVLab/InternVL3-14B-hf,flickr30k,test,image_caption,inconsistent,text,ciq,42,2000,299,1664,37,0.9815,-0.695364,0.8855,0
remove,OpenGVLab/InternVL3-14B-hf,flickr30k,test,image_caption,inconsistent,text,icq,42,2000,885,1057,58,0.971,-0.088568,0.7835,0
remove,OpenGVLab/InternVL3-14B-hf,flickr30k,test,image_document,inconsistent,text,ciq,42,2000,299,1572,129,0.9355,-0.680385,0.647,0
remove,OpenGVLab/InternVL3-14B-hf,flickr30k,test,image_document,inconsistent,text,icq,42,2000,773,1095,132,0.934,-0.172377,0.688,0
remove,OpenGVLab/InternVL3-14B-hf,flickr30k,test,image_text,inconsistent,text,ciq,42,2000,990,948,62,0.969,0.021672,0.7615,0
remove,OpenGVLab/InternVL3-14B-hf,flickr30k,test,image_text,inconsistent,text,icq,42,2000,1598,400,2,0.999,0.5996,0.95,0
remove,OpenGVLab/InternVL3-14B-hf,mscoco,test,image_caption,inconsistent,image,ciq,42,2000,2000,0,0,1.0,1.0,0.998,0
remove,OpenGVLab/InternVL3-14B-hf,mscoco,test,image_caption,inconsistent,image,icq,42,2000,1798,201,1,0.9995,0.798899,0.97,0
remove,OpenGVLab/InternVL3-14B-hf,mscoco,test,image_document,inconsistent,image,ciq,42,2000,2000,0,0,1.0,1.0,0.997,0
remove,OpenGVLab/InternVL3-14B-hf,mscoco,test,image_document,inconsistent,image,icq,42,2000,1800,197,3,0.9985,0.802704,0.97,0
remove,OpenGVLab/InternVL3-14B-hf,mscoco,test,image_text,inconsistent,image,ciq,42,2000,1998,2,0,1.0,0.998,0.998,0
remove,OpenGVLab/InternVL3-14B-hf,mscoco,test,image_text,inconsistent,image,icq,42,2000,1772,228,0,1.0,0.772,0.9885,0
remove,OpenGVLab/InternVL3-14B-hf,mscoco,test,image_caption,inconsistent,text,ciq,42,2000,399,1541,60,0.97,-0.58866,0.862,0
remove,OpenGVLab/InternVL3-14B-hf,mscoco,test,image_caption,inconsistent,text,icq,42,2000,694,1279,27,0.9865,-0.296503,0.784,0
remove,OpenGVLab/InternVL3-14B-hf,mscoco,test,image_document,inconsistent,text,ciq,42,2000,187,1672,141,0.9295,-0.798817,0.6765,0
remove,OpenGVLab/InternVL3-14B-hf,mscoco,test,image_document,inconsistent,text,icq,42,2000,701,1184,115,0.9425,-0.256233,0.7295,0
remove,OpenGVLab/InternVL3-14B-hf,mscoco,test,image_text,inconsistent,text,ciq,42,2000,953,933,114,0.943,0.010604,0.7525,0
remove,OpenGVLab/InternVL3-14B-hf,mscoco,test,image_text,inconsistent,text,icq,42,2000,1528,462,10,0.995,0.535678,0.93,0
remove,Qwen/Qwen2.5-VL-32B-Instruct,flickr30k,test,image_caption,inconsistent,image,ciq,42,2000,1817,162,21,0.9895,0.836281,0.921,0
remove,Qwen/Qwen2.5-VL-32B-Instruct,flickr30k,test,image_caption,inconsistent,image,icq,42,2000,1927,46,27,0.9865,0.953371,0.824,0
remove,Qwen/Qwen2.5-VL-32B-Instruct,flickr30k,test,image_document,inconsistent,image,ciq,42,2000,1818,165,17,0.9915,0.833585,0.918,0
remove,Qwen/Qwen2.5-VL-32B-Instruct,flickr30k,test,image_document,inconsistent,image,icq,42,2000,1938,46,16,0.992,0.953629,0.829,0
remove,Qwen/Qwen2.5-VL-32B-Instruct,flickr30k,test,image_text,inconsistent,image,ciq,42,2000,1860,128,12,0.994,0.871227,0.944,0
remove,Qwen/Qwen2.5-VL-32B-Instruct,flickr30k,test,image_text,inconsistent,image,icq,42,2000,1938,57,5,0.9975,0.942857,0.926,0
remove,Qwen/Qwen2.5-VL-32B-Instruct,flickr30k,test,image_caption,inconsistent,text,ciq,42,2000,807,1097,96,0.952,-0.152311,0.4845,0
remove,Qwen/Qwen2.5-VL-32B-Instruct,flickr30k,test,image_caption,inconsistent,text,icq,42,2000,1193,773,34,0.983,0.213632,0.7685,0
remove,Qwen/Qwen2.5-VL-32B-Instruct,flickr30k,test,image_document,inconsistent,text,ciq,42,2000,405,1333,262,0.869,-0.533947,0.52,0
remove,Qwen/Qwen2.5-VL-32B-Instruct,flickr30k,test,image_document,inconsistent,text,icq,42,2000,234,1650,116,0.942,-0.751592,0.397,0
remove,Qwen/Qwen2.5-VL-32B-Instruct,flickr30k,test,image_text,inconsistent,text,ciq,42,2000,1651,213,136,0.932,0.771459,0.771,0
remove,Qwen/Qwen2.5-VL-32B-Instruct,flickr30k,test,image_text,inconsistent,text,icq,42,2000,1636,332,32,0.984,0.662602,0.7785,0
remove,Qwen/Qwen2.5-VL-32B-Instruct,mscoco,test,image_caption,inconsistent,image,ciq,42,2000,1958,38,4,0.998,0.961924,0.975,0
remove,Qwen/Qwen2.5-VL-32B-Instruct,mscoco,test,image_caption,inconsistent,image,icq,42,2000,1996,4,0,1.0,0.996,0.904,0
remove,Qwen/Qwen2.5-VL-32B-Instruct,mscoco,test,image_document,inconsistent,image,ciq,42,2000,1958,39,3,0.9985,0.960941,0.9735,0
remove,Qwen/Qwen2.5-VL-32B-Instruct,mscoco,test,image_document,inconsistent,image,icq,42,2000,1997,3,0,1.0,0.997,0.905,0
remove,Qwen/Qwen2.5-VL-32B-Instruct,mscoco,test,image_text,inconsistent,image,ciq,42,2000,1970,30,0,1.0,0.97,0.985,0
remove,Qwen/Qwen2.5-VL-32B-Instruct,mscoco,test,image_text,inconsistent,image,icq,42,2000,1985,15,0,1.0,0.985,0.9305,0
remove,Qwen/Qwen2.5-VL-32B-Instruct,mscoco,test,image_caption,inconsistent,text,ciq,42,2000,777,1062,161,0.9195,-0.154976,0.655,0
remove,Qwen/Qwen2.5-VL-32B-Instruct,mscoco,test,image_caption,inconsistent,text,icq,42,2000,975,974,51,0.9745,0.000513,0.7285,0
remove,Qwen/Qwen2.5-VL-32B-Instruct,mscoco,test,image_document,inconsistent,text,ciq,42,2000,186,1528,286,0.857,-0.782964,0.629,0
remove,Qwen/Qwen2.5-VL-32B-Instruct,mscoco,test,image_document,inconsistent,text,icq,42,2000,174,1729,97,0.9515,-0.817131,0.5125,0
remove,Qwen/Qwen2.5-VL-32B-Instruct,mscoco,test,image_text,inconsistent,text,ciq,42,2000,1663,208,129,0.9355,0.777659,0.879,0
remove,Qwen/Qwen2.5-VL-32B-Instruct,mscoco,test,image_text,inconsistent,text,icq,42,2000,1656,320,24,0.988,0.676113,0.814,0
remove,google/gemma-3-12b-it,flickr30k,test,image_caption,inconsistent,image,ciq,42,2000,1765,166,69,0.9655,0.828068,0.7715,0
remove,google/gemma-3-12b-it,flickr30k,test,image_caption,inconsistent,image,icq,42,2000,1991,4,5,0.9975,0.99599,0.956,0
remove,google/gemma-3-12b-it,flickr30k,test,image_document,inconsistent,image,ciq,42,2000,1757,171,72,0.964,0.822614,0.775,0
remove,google/gemma-3-12b-it,flickr30k,test,image_document,inconsistent,image,icq,42,2000,1992,3,5,0.9975,0.996992,0.956,0
remove,google/gemma-3-12b-it,flickr30k,test,image_text,inconsistent,image,ciq,42,2000,1904,64,32,0.984,0.934959,0.8665,0
remove,google/gemma-3-12b-it,flickr30k,test,image_text,inconsistent,image,icq,42,2000,1982,17,1,0.9995,0.982991,0.971,0
remove,google/gemma-3-12b-it,flickr30k,test,image_caption,inconsistent,text,ciq,42,2000,1528,413,59,0.9705,0.574446,0.808,0
remove,google/gemma-3-12b-it,flickr30k,test,image_caption,inconsistent,text,icq,42,2000,557,1428,15,0.9925,-0.438791,0.862,0
remove,google/gemma-3-12b-it,flickr30k,test,image_document,inconsistent,text,ciq,42,2000,990,829,181,0.9095,0.08851,0.7305,0
remove,google/gemma-3-12b-it,flickr30k,test,image_document,inconsistent,text,icq,42,2000,244,1690,66,0.967,-0.747673,0.829,0
remove,google/gemma-3-12b-it,flickr30k,test,image_text,inconsistent,text,ciq,42,2000,1576,219,205,0.8975,0.755989,0.7985,0
remove,google/gemma-3-12b-it,flickr30k,test,image_text,inconsistent,text,icq,42,2000,1952,48,0,1.0,0.952,0.986,0
remove,google/gemma-3-12b-it,mscoco,test,image_caption,inconsistent,image,ciq,42,2000,1928,48,24,0.988,0.951417,0.8385,0
remove,google/gemma-3-12b-it,mscoco,test,image_caption,inconsistent,image,icq,42,2000,1996,4,0,1.0,0.996,0.982,0
remove,google/gemma-3-12b-it,mscoco,test,image_document,inconsistent,image,ciq,42,2000,1926,54,20,0.99,0.945455,0.84,0
remove,google/gemma-3-12b-it,mscoco,test,image_document,inconsistent,image,icq,42,2000,1997,2,1,0.9995,0.997999,0.9845,0
remove,google/gemma-3-12b-it,mscoco,test,image_text,inconsistent,image,ciq,42,2000,1966,24,10,0.995,0.975879,0.9225,0
remove,google/gemma-3-12b-it,mscoco,test,image_text,inconsistent,image,icq,42,2000,1993,7,0,1.0,0.993,0.9855,0
remove,google/gemma-3-12b-it,mscoco,test,image_caption,inconsistent,text,ciq,42,2000,1625,339,36,0.982,0.654786,0.834,0
remove,google/gemma-3-12b-it,mscoco,test,image_caption,inconsistent,text,icq,42,2000,442,1545,13,0.9935,-0.555108,0.855,0
remove,google/gemma-3-12b-it,mscoco,test,image_document,inconsistent,text,ciq,42,2000,688,1195,117,0.9415,-0.269251,0.747,0
remove,google/gemma-3-12b-it,mscoco,test,image_document,inconsistent,text,icq,42,2000,84,1889,27,0.9865,-0.91485,0.894,0
remove,google/gemma-3-12b-it,mscoco,test,image_text,inconsistent,text,ciq,42,2000,1676,191,133,0.9335,0.795394,0.837,0
remove,google/gemma-3-12b-it,mscoco,test,image_text,inconsistent,text,icq,42,2000,1923,75,2,0.999,0.924925,0.9725,0
swap,OpenGVLab/InternVL3-14B-hf,flickr30k,test,image_caption,inconsistent,image,ciq,42,2000,1997,2,1,0.9995,0.997999,0.991,0
swap,OpenGVLab/InternVL3-14B-hf,flickr30k,test,image_caption,inconsistent,image,icq,42,2000,1155,841,4,0.998,0.157315,0.987,0
swap,OpenGVLab/InternVL3-14B-hf,flickr30k,test,image_document,inconsistent,image,ciq,42,2000,1990,10,0,1.0,0.99,0.99,0
swap,OpenGVLab/InternVL3-14B-hf,flickr30k,test,image_document,inconsistent,image,icq,42,2000,1180,818,2,0.999,0.181181,0.9855,0
swap,OpenGVLab/InternVL3-14B-hf,flickr30k,test,image_text,inconsistent,image,ciq,42,2000,1985,15,0,1.0,0.985,0.9885,0
swap,OpenGVLab/InternVL3-14B-hf,flickr30k,test,image_text,inconsistent,image,icq,42,2000,1581,417,2,0.999,0.582583,0.9805,0
swap,OpenGVLab/InternVL3-14B-hf,flickr30k,test,image_caption,inconsistent,text,ciq,42,2000,557,1420,23,0.9885,-0.43652,0.89,0
swap,OpenGVLab/InternVL3-14B-hf,flickr30k,test,image_caption,inconsistent,text,icq,42,2000,1296,633,71,0.9645,0.343701,0.933,0
swap,OpenGVLab/InternVL3-14B-hf,flickr30k,test,image_document,inconsistent,text,ciq,42,2000,260,1702,38,0.981,-0.734964,0.762,0
swap,OpenGVLab/InternVL3-14B-hf,flickr30k,test,image_document,inconsistent,text,icq,42,2000,720,1136,144,0.928,-0.224138,0.738,0
swap,OpenGVLab/InternVL3-14B-hf,flickr30k,test,image_text,inconsistent,text,ciq,42,2000,1036,907,57,0.9715,0.066392,0.7775,0
swap,OpenGVLab/InternVL3-14B-hf,flickr30k,test,image_text,inconsistent,text,icq,42,2000,1665,330,5,0.9975,0.669173,0.9455,0
swap,OpenGVLab/InternVL3-14B-hf,mscoco,test,image_caption,inconsistent,image,ciq,42,2000,1999,1,0,1.0,0.999,0.9975,0
swap,OpenGVLab/InternVL3-14B-hf,mscoco,test,image_caption,inconsistent,image,icq,42,2000,1341,640,19,0.9905,0.353862,0.9945,0
swap,OpenGVLab/InternVL3-14B-hf,mscoco,test,image_document,inconsistent,image,ciq,42,2000,1996,4,0,1.0,0.996,0.996,0
swap,OpenGVLab/InternVL3-14B-hf,mscoco,test,image_document,inconsistent,image,icq,42,2000,1421,578,1,0.9995,0.421711,0.994,0
swap,OpenGVLab/InternVL3-14B-hf,mscoco,test,image_text,inconsistent,image,ciq,42,2000,1992,8,0,1.0,0.992,0.9965,0
swap,OpenGVLab/InternVL3-14B-hf,mscoco,test,image_text,inconsistent,image,icq,42,2000,1750,250,0,1.0,0.75,0.9865,0
swap,OpenGVLab/InternVL3-14B-hf,mscoco,test,image_caption,inconsistent,text,ciq,42,2000,700,1253,47,0.9765,-0.283154,0.8855,0
swap,OpenGVLab/InternVL3-14B-hf,mscoco,test,image_caption,inconsistent,text,icq,42,2000,1191,743,66,0.967,0.231644,0.936,0
swap,OpenGVLab/InternVL3-14B-hf,mscoco,test,image_document,inconsistent,text,ciq,42,2000,231,1686,83,0.9585,-0.758998,0.755,0
swap,OpenGVLab/InternVL3-14B-hf,mscoco,test,image_document,inconsistent,text,icq,42,2000,590,1258,152,0.924,-0.361472,0.7695,0
swap,OpenGVLab/InternVL3-14B-hf,mscoco,test,image_text,inconsistent,text,ciq,42,2000,1036,867,97,0.9515,0.088807,0.7785,0
swap,OpenGVLab/InternVL3-14B-hf,mscoco,test,image_text,inconsistent,text,icq,42,2000,1612,378,10,0.995,0.620101,0.9285,0
swap,Qwen/Qwen2.5-VL-32B-Instruct,flickr30k,test,image_caption,inconsistent,image,ciq,42,2000,1952,46,2,0.999,0.953954,0.968,0
swap,Qwen/Qwen2.5-VL-32B-Instruct,flickr30k,test,image_caption,inconsistent,image,icq,42,2000,1951,47,2,0.999,0.952953,0.8955,0
swap,Qwen/Qwen2.5-VL-32B-Instruct,flickr30k,test,image_document,inconsistent,image,ciq,42,2000,1906,86,8,0.996,0.913655,0.9475,0
swap,Qwen/Qwen2.5-VL-32B-Instruct,flickr30k,test,image_document,inconsistent,image,icq,42,2000,1976,23,1,0.9995,0.976988,0.8755,0
swap,Qwen/Qwen2.5-VL-32B-Instruct,flickr30k,test,image_text,inconsistent,image,ciq,42,2000,1939,57,4,0.998,0.942886,0.9605,0
swap,Qwen/Qwen2.5-VL-32B-Instruct,flickr30k,test,image_text,inconsistent,image,icq,42,2000,1958,38,4,0.998,0.961924,0.915,0
swap,Qwen/Qwen2.5-VL-32B-Instruct,flickr30k,test,image_caption,inconsistent,text,ciq,42,2000,1255,712,33,0.9835,0.276055,0.8945,0
swap,Qwen/Qwen2.5-VL-32B-Instruct,flickr30k,test,image_caption,inconsistent,text,icq,42,2000,813,1150,37,0.9815,-0.171676,0.85,0
swap,Qwen/Qwen2.5-VL-32B-Instruct,flickr30k,test,image_document,inconsistent,text,ciq,42,2000,517,1401,82,0.959,-0.460897,0.687,0
swap,Qwen/Qwen2.5-VL-32B-Instruct,flickr30k,test,image_document,inconsistent,text,icq,42,2000,238,1714,48,0.976,-0.756148,0.583,0
swap,Qwen/Qwen2.5-VL-32B-Instruct,flickr30k,test,image_text,inconsistent,text,ciq,42,2000,1787,161,52,0.974,0.834702,0.834,0
swap,Qwen/Qwen2.5-VL-32B-Instruct,flickr30k,test,image_text,inconsistent,text,icq,42,2000,1756,228,16,0.992,0.770161,0.8695,0
swap,Qwen/Qwen2.5-VL-32B-Instruct,mscoco,test,image_caption,inconsistent,image,ciq,42,2000,1986,12,2,0.999,0.987988,0.994,0
swap,Qwen/Qwen2.5-VL-32B-Instruct,mscoco,test,image_caption,inconsistent,image,icq,42,2000,1989,11,0,1.0,0.989,0.8985,0
swap,Qwen/Qwen2.5-VL-32B-Instruct,mscoco,test,image_document,inconsistent,image,ciq,42,2000,1983,16,1,0.9995,0.983992,0.9685,0
swap,Qwen/Qwen2.5-VL-32B-Instruct,mscoco,test,image_document,inconsistent,image,icq,42,2000,1996,4,0,1.0,0.996,0.8395,0
swap,Qwen/Qwen2.5-VL-32B-Instruct,mscoco,test,image_text,inconsistent,image,ciq,42,2000,1992,8,0,1.0,0.992,0.9895,0
swap,Qwen/Qwen2.5-VL-32B-Instruct,mscoco,test,image_text,inconsistent,image,icq,42,2000,1986,14,0,1.0,0.986,0.9455,0
swap,Qwen/Qwen2.5-VL-32B-Instruct,mscoco,test,image_caption,inconsistent,text,ciq,42,2000,1320,614,66,0.967,0.365047,0.932,0
swap,Qwen/Qwen2.5-VL-32B-Instruct,mscoco,test,image_caption,inconsistent,text,icq,42,2000,792,1137,71,0.9645,-0.178849,0.855,0
swap,Qwen/Qwen2.5-VL-32B-Instruct,mscoco,test,image_document,inconsistent,text,ciq,42,2000,308,1601,91,0.9545,-0.677318,0.6925,0
swap,Qwen/Qwen2.5-VL-32B-Instruct,mscoco,test,image_document,inconsistent,text,icq,42,2000,187,1739,74,0.963,-0.805815,0.625,0
swap,Qwen/Qwen2.5-VL-32B-Instruct,mscoco,test,image_text,inconsistent,text,ciq,42,2000,1783,161,56,0.972,0.834362,0.8965,0
swap,Qwen/Qwen2.5-VL-32B-Instruct,mscoco,test,image_text,inconsistent,text,icq,42,2000,1778,202,20,0.99,0.79596,0.8705,0
swap,google/gemma-3-12b-it,flickr30k,test,image_caption,inconsistent,image,ciq,42,2000,1856,104,40,0.98,0.893878,0.848,0
swap,google/gemma-3-12b-it,flickr30k,test,image_caption,inconsistent,image,icq,42,2000,1982,18,0,1.0,0.982,0.9695,0
swap,google/gemma-3-12b-it,flickr30k,test,image_document,inconsistent,image,ciq,42,2000,1913,67,20,0.99,0.932323,0.8845,0
swap,google/gemma-3-12b-it,flickr30k,test,image_document,inconsistent,image,icq,42,2000,1985,12,3,0.9985,0.987982,0.9665,0
swap,google/gemma-3-12b-it,flickr30k,test,image_text,inconsistent,image,ciq,42,2000,1928,54,18,0.991,0.94551,0.9005,0
swap,google/gemma-3-12b-it,flickr30k,test,image_text,inconsistent,image,icq,42,2000,1892,107,1,0.9995,0.892946,0.9675,0
swap,google/gemma-3-12b-it,flickr30k,test,image_caption,inconsistent,text,ciq,42,2000,1855,118,27,0.9865,0.880385,0.909,0
swap,google/gemma-3-12b-it,flickr30k,test,image_caption,inconsistent,text,icq,42,2000,727,1266,7,0.9965,-0.270447,0.8505,0
swap,google/gemma-3-12b-it,flickr30k,test,image_document,inconsistent,text,ciq,42,2000,770,1136,94,0.953,-0.192025,0.857,0
swap,google/gemma-3-12b-it,flickr30k,test,image_document,inconsistent,text,icq,42,2000,35,1943,22,0.989,-0.964611,0.9235,0
swap,google/gemma-3-12b-it,flickr30k,test,image_text,inconsistent,text,ciq,42,2000,1624,199,177,0.9115,0.781679,0.818,0
swap,google/gemma-3-12b-it,flickr30k,test,image_text,inconsistent,text,icq,42,2000,1985,15,0,1.0,0.985,0.9895,0
swap,google/gemma-3-12b-it,mscoco,test,image_caption,inconsistent,image,ciq,42,2000,1964,30,6,0.997,0.96991,0.928,0
swap,google/gemma-3-12b-it,mscoco,test,image_caption,inconsistent,image,icq,42,2000,1995,5,0,1.0,0.995,0.9885,0
swap,google/gemma-3-12b-it,mscoco,test,image_document,inconsistent,image,ciq,42,2000,1983,13,4,0.998,0.986974,0.9485,0
swap,google/gemma-3-12b-it,mscoco,test,image_document,inconsistent,image,icq,42,2000,1995,3,2,0.999,0.996997,0.9865,0
swap,google/gemma-3-12b-it,mscoco,test,image_text,inconsistent,image,ciq,42,2000,1972,20,8,0.996,0.97992,0.926,0
swap,google/gemma-3-12b-it,mscoco,test,image_text,inconsistent,image,icq,42,2000,1933,67,0,1.0,0.933,0.9845,0
swap,google/gemma-3-12b-it,mscoco,test,image_caption,inconsistent,text,ciq,42,2000,1893,98,9,0.9955,0.901557,0.9395,0
swap,google/gemma-3-12b-it,mscoco,test,image_caption,inconsistent,text,icq,42,2000,824,1171,5,0.9975,-0.173935,0.86,0
swap,google/gemma-3-12b-it,mscoco,test,image_document,inconsistent,text,ciq,42,2000,733,1223,44,0.978,-0.250511,0.8735,0
swap,google/gemma-3-12b-it,mscoco,test,image_document,inconsistent,text,icq,42,2000,23,1966,11,0.9945,-0.976873,0.9515,0
swap,google/gemma-3-12b-it,mscoco,test,image_text,inconsistent,text,ciq,42,2000,1699,194,107,0.9465,0.795034,0.834,0
swap,google/gemma-3-12b-it,mscoco,test,image_text,inconsistent,text,icq,42,2000,1956,40,4,0.998,0.95992,0.9815,0
