label_1,label_2,model,dataset,split,prompt_format,input_type,target_modality,order,seed,n,correct,misled,neither,p_valid,selectivity
Alpha,Beta,OpenGVLab/InternVL3-14B-hf,flickr30k,test,image_caption,inconsistent,image,ciq,42,2000,1000,530,470,0.765,0.30719
Alpha,Beta,OpenGVLab/InternVL3-14B-hf,flickr30k,test,image_caption,inconsistent,image,icq,42,2000,1935,17,48,0.976,0.982582
Beta,Alpha,OpenGVLab/InternVL3-14B-hf,flickr30k,test,image_caption,inconsistent,image,ciq,42,2000,1402,127,471,0.7645,0.833878
Beta,Alpha,OpenGVLab/InternVL3-14B-hf,flickr30k,test,image_caption,inconsistent,image,icq,42,2000,1988,9,3,0.9985,0.990986
Dax,Wug,OpenGVLab/InternVL3-14B-hf,flickr30k,test,image_caption,inconsistent,image,ciq,42,2000,603,235,1162,0.419,0.439141
Dax,Wug,OpenGVLab/InternVL3-14B-hf,flickr30k,test,image_caption,inconsistent,image,icq,42,2000,1874,37,89,0.9555,0.961277
Wug,Dax,OpenGVLab/InternVL3-14B-hf,flickr30k,test,image_caption,inconsistent,image,ciq,42,2000,549,271,1180,0.41,0.339024
Wug,Dax,OpenGVLab/InternVL3-14B-hf,flickr30k,test,image_caption,inconsistent,image,icq,42,2000,1923,19,58,0.971,0.980433
Alpha,Beta,OpenGVLab/InternVL3-14B-hf,mscoco,test,image_caption,inconsistent,image,ciq,42,2000,638,826,536,0.732,-0.128415
Alpha,Beta,OpenGVLab/InternVL3-14B-hf,mscoco,test,image_caption,inconsistent,image,icq,42,2000,1926,35,39,0.9805,0.964304
Beta,Alpha,OpenGVLab/InternVL3-14B-hf,mscoco,test,image_caption,inconsistent,image,ciq,42,2000,1234,343,423,0.7885,0.564997
Beta,Alpha,OpenGVLab/InternVL3-14B-hf,mscoco,test,image_caption,inconsistent,image,icq,42,2000,1979,5,16,0.992,0.99496
Dax,Wug,OpenGVLab/InternVL3-14B-hf,mscoco,test,image_caption,inconsistent,image,ciq,42,2000,438,253,1309,0.3455,0.267728
Dax,Wug,OpenGVLab/InternVL3-14B-hf,mscoco,test,image_caption,inconsistent,image,icq,42,2000,1893,30,77,0.9615,0.968799
Wug,Dax,OpenGVLab/InternVL3-14B-hf,mscoco,test,image_caption,inconsistent,image,ciq,42,2000,632,278,1090,0.455,0.389011
Wug,Dax,OpenGVLab/InternVL3-14B-hf,mscoco,test,image_caption,inconsistent,image,icq,42,2000,1934,12,54,0.973,0.987667
Alpha,Beta,Qwen/Qwen2.5-VL-32B-Instruct,flickr30k,test,image_caption,inconsistent,image,ciq,42,2000,1519,44,437,0.7815,0.943698
Alpha,Beta,Qwen/Qwen2.5-VL-32B-Instruct,flickr30k,test,image_caption,inconsistent,image,icq,42,2000,1966,2,32,0.984,0.997967
Beta,Alpha,Qwen/Qwen2.5-VL-32B-Instruct,flickr30k,test,image_caption,inconsistent,image,ciq,42,2000,1289,20,691,0.6545,0.969442
Beta,Alpha,Qwen/Qwen2.5-VL-32B-Instruct,flickr30k,test,image_caption,inconsistent,image,icq,42,2000,1825,7,168,0.916,0.992358
Dax,Wug,Qwen/Qwen2.5-VL-32B-Instruct,flickr30k,test,image_caption,inconsistent,image,ciq,42,2000,1171,29,800,0.6,0.951667
Dax,Wug,Qwen/Qwen2.5-VL-32B-Instruct,flickr30k,test,image_caption,inconsistent,image,icq,42,2000,1844,19,137,0.9315,0.979603
Wug,Dax,Qwen/Qwen2.5-VL-32B-Instruct,flickr30k,test,image_caption,inconsistent,image,ciq,42,2000,744,31,1225,0.3875,0.92
Wug,Dax,Qwen/Qwen2.5-VL-32B-Instruct,flickr30k,test,image_caption,inconsistent,image,icq,42,2000,1830,8,162,0.919,0.991295
Alpha,Beta,Qwen/Qwen2.5-VL-32B-Instruct,mscoco,test,image_caption,inconsistent,image,ciq,42,2000,1776,32,192,0.904,0.964602
Alpha,Beta,Qwen/Qwen2.5-VL-32B-Instruct,mscoco,test,image_caption,inconsistent,image,icq,42,2000,1948,3,49,0.9755,0.996925
Beta,Alpha,Qwen/Qwen2.5-VL-32B-Instruct,mscoco,test,image_caption,inconsistent,image,ciq,42,2000,1773,9,218,0.891,0.989899
Beta,Alpha,Qwen/Qwen2.5-VL-32B-Instruct,mscoco,test,image_caption,inconsistent,image,icq,42,2000,1857,10,133,0.9335,0.989288
Dax,Wug,Qwen/Qwen2.5-VL-32B-Instruct,mscoco,test,image_caption,inconsistent,image,ciq,42,2000,1662,21,317,0.8415,0.975045
Dax,Wug,Qwen/Qwen2.5-VL-32B-Instruct,mscoco,test,image_caption,inconsistent,image,icq,42,2000,1904,12,84,0.958,0.987474
Wug,Dax,Qwen/Qwen2.5-VL-32B-Instruct,mscoco,test,image_caption,inconsistent,image,ciq,42,2000,1703,17,280,0.86,0.980233
Wug,Dax,Qwen/Qwen2.5-VL-32B-Instruct,mscoco,test,image_caption,inconsistent,image,icq,42,2000,1908,7,85,0.9575,0.992689
Alpha,Beta,google/gemma-3-12b-it,flickr30k,test,image_caption,inconsistent,image,ciq,42,2000,1993,5,2,0.999,0.994995
Alpha,Beta,google/gemma-3-12b-it,flickr30k,test,image_caption,inconsistent,image,icq,42,2000,1999,0,1,0.9995,1.0
Beta,Alpha,google/gemma-3-12b-it,flickr30k,test,image_caption,inconsistent,image,ciq,42,2000,1997,1,2,0.999,0.998999
Beta,Alpha,google/gemma-3-12b-it,flickr30k,test,image_caption,inconsistent,image,icq,42,2000,1998,0,2,0.999,1.0
Dax,Wug,google/gemma-3-12b-it,flickr30k,test,image_caption,inconsistent,image,ciq,42,2000,1990,6,4,0.998,0.993988
Dax,Wug,google/gemma-3-12b-it,flickr30k,test,image_caption,inconsistent,image,icq,42,2000,1999,0,1,0.9995,1.0
Wug,Dax,google/gemma-3-12b-it,flickr30k,test,image_caption,inconsistent,image,ciq,42,2000,1994,3,3,0.9985,0.996995
Wug,Dax,google/gemma-3-12b-it,flickr30k,test,image_caption,inconsistent,image,icq,42,2000,1998,0,2,0.999,1.0
Alpha,Beta,google/gemma-3-12b-it,mscoco,test,image_caption,inconsistent,image,ciq,42,2000,1991,4,5,0.9975,0.99599
Alpha,Beta,google/gemma-3-12b-it,mscoco,test,image_caption,inconsistent,image,icq,42,2000,1997,1,2,0.999,0.998999
Beta,Alpha,google/gemma-3-12b-it,mscoco,test,image_caption,inconsistent,image,ciq,42,2000,1997,1,2,0.999,0.998999
Beta,Alpha,google/gemma-3-12b-it,mscoco,test,image_caption,inconsistent,image,icq,42,2000,1998,1,1,0.9995,0.998999
Dax,Wug,google/gemma-3-12b-it,mscoco,test,image_caption,inconsistent,image,ciq,42,2000,1991,1,8,0.996,0.998996
Dax,Wug,google/gemma-3-12b-it,mscoco,test,image_caption,inconsistent,image,icq,42,2000,1999,0,1,0.9995,1.0
Wug,Dax,google/gemma-3-12b-it,mscoco,test,image_caption,inconsistent,image,ciq,42,2000,1994,1,5,0.9975,0.998997
Wug,Dax,google/gemma-3-12b-it,mscoco,test,image_caption,inconsistent,image,icq,42,2000,1996,2,2,0.999,0.997998
